vtrace1; I p; I bufsize_0
vtrace1; 1628; 4172
vtrace1; 1630; 4172
vtrace1; 1624; 4172
vtrace1; 1626; 4172
vtrace1; 1604; 4172
vtrace1; 1606; 4172
vtrace1; 1600; 4172
vtrace1; 1602; 4172
vtrace1; 1644; 4172
vtrace1; 1646; 4172
vtrace1; 1640; 4172
vtrace1; 1642; 4172
vtrace1; 1620; 4172
vtrace1; 1622; 4172
vtrace1; 1616; 4172
vtrace1; 1618; 4172
vtrace1; 1596; 4172
vtrace1; 1598; 4172
vtrace1; 1592; 4172
vtrace1; 1594; 4172
vtrace1; 1572; 4172
vtrace1; 1574; 4172
vtrace1; 1568; 4172
vtrace1; 1570; 4172
vtrace1; 1612; 4172
vtrace1; 1614; 4172
vtrace1; 1416; 1931
vtrace1; 1608; 4172
vtrace1; 1610; 4172
vtrace1; 1588; 4172
vtrace1; 1590; 4172
vtrace1; 1584; 4172
vtrace1; 1586; 4172
vtrace1; 1564; 4172
vtrace1; 1566; 4172
vtrace1; 1560; 4172
vtrace1; 1562; 4172
vtrace1; 1540; 4172
vtrace1; 1542; 4172
vtrace1; 1536; 4172
vtrace1; 1538; 4172
vtrace1; 1580; 4172
vtrace1; 1582; 4172
vtrace1; 1576; 4172
vtrace1; 1578; 4172
vtrace1; 1556; 4172
vtrace1; 1558; 4172
vtrace1; 1552; 4172
vtrace1; 1554; 4172
vtrace1; 1788; 4172
vtrace1; 1790; 4172
vtrace1; 1784; 4172
vtrace1; 1786; 4172
vtrace1; 1764; 4172
vtrace1; 1766; 4172
vtrace1; 1760; 4172
vtrace1; 1762; 4172
vtrace1; 1548; 4172
vtrace1; 1550; 4172
vtrace1; 1544; 4172
vtrace1; 1546; 4172
vtrace1; 1780; 4172
vtrace1; 1782; 4172
vtrace1; 1776; 4172
vtrace1; 1778; 4172
vtrace1; 1756; 4172
vtrace1; 1758; 4172
vtrace1; 1752; 4172
vtrace1; 1754; 4172
vtrace1; 1732; 4172
vtrace1; 1734; 4172
vtrace1; 1728; 4172
vtrace1; 1730; 4172
vtrace1; 1772; 4172
vtrace1; 1774; 4172
vtrace1; 1768; 4172
vtrace1; 1770; 4172
vtrace1; 1748; 4172
vtrace1; 1750; 4172
vtrace1; 1744; 4172
vtrace1; 1746; 4172
vtrace1; 1724; 4172
vtrace1; 1726; 4172
vtrace1; 1720; 4172
vtrace1; 1722; 4172
vtrace1; 1700; 4172
vtrace1; 1702; 4172
vtrace1; 1696; 4172
vtrace1; 1698; 4172
vtrace1; 1740; 4172
vtrace1; 1742; 4172
vtrace1; 1736; 4172
vtrace1; 1738; 4172
vtrace1; 1716; 4172
vtrace1; 1718; 4172
vtrace1; 1712; 4172
vtrace1; 1714; 4172
vtrace1; 1692; 4172
vtrace1; 1694; 4172
vtrace1; 1688; 4172
vtrace1; 1690; 4172
vtrace1; 1668; 4172
vtrace1; 1670; 4172
vtrace1; 1664; 4172
vtrace1; 1666; 4172
vtrace1; 1708; 4172
vtrace1; 1710; 4172
vtrace1; 1704; 4172
vtrace1; 1706; 4172
vtrace1; 1684; 4172
vtrace1; 1686; 4172
vtrace1; 1680; 4172
vtrace1; 1682; 4172
vtrace1; 1916; 4172
vtrace1; 1918; 4172
vtrace1; 1912; 4172
vtrace1; 1914; 4172
vtrace1; 1892; 4172
vtrace1; 1894; 4172
vtrace1; 1888; 4172
vtrace1; 1890; 4172
vtrace1; 1676; 4172
vtrace1; 1678; 4172
vtrace1; 1672; 4172
vtrace1; 1674; 4172
vtrace1; 1908; 4172
vtrace1; 1910; 4172
vtrace1; 1904; 4172
vtrace1; 1906; 4172
vtrace1; 1884; 4172
vtrace1; 1886; 4172
vtrace1; 1880; 4172
vtrace1; 1882; 4172
vtrace1; 1860; 4172
vtrace1; 1862; 4172
vtrace1; 1856; 4172
vtrace1; 1858; 4172
vtrace1; 1900; 4172
vtrace1; 1902; 4172
vtrace1; 1896; 4172
vtrace1; 1898; 4172
vtrace1; 1876; 4172
vtrace1; 1878; 4172
vtrace1; 1872; 4172
vtrace1; 1874; 4172
vtrace1; 1852; 4172
vtrace1; 1854; 4172
vtrace1; 1848; 4172
vtrace1; 1850; 4172
vtrace1; 1828; 4172
vtrace1; 1830; 4172
vtrace1; 1824; 4172
vtrace1; 1826; 4172
vtrace1; 1868; 4172
vtrace1; 1870; 4172
vtrace1; 1864; 4172
vtrace1; 1866; 4172
vtrace1; 1844; 4172
vtrace1; 1846; 4172
vtrace1; 1840; 4172
vtrace1; 1842; 4172
vtrace1; 1820; 4172
vtrace1; 1822; 4172
vtrace1; 1816; 4172
vtrace1; 1818; 4172
vtrace1; 1796; 4172
vtrace1; 1798; 4172
vtrace1; 1792; 4172
vtrace1; 1794; 4172
vtrace1; 1836; 4172
vtrace1; 1838; 4172
vtrace1; 1832; 4172
vtrace1; 1834; 4172
vtrace1; 1812; 4172
vtrace1; 1814; 4172
vtrace1; 1808; 4172
vtrace1; 1810; 4172
vtrace1; 2044; 4172
vtrace1; 2046; 4172
vtrace1; 2040; 4172
vtrace1; 2042; 4172
vtrace1; 2020; 4172
vtrace1; 2022; 4172
vtrace1; 2016; 4172
vtrace1; 2018; 4172
vtrace1; 1804; 4172
vtrace1; 1806; 4172
vtrace1; 1800; 4172
vtrace1; 1802; 4172
vtrace1; 2036; 4172
vtrace1; 2038; 4172
vtrace1; 2032; 4172
vtrace1; 2034; 4172
vtrace1; 2012; 4172
vtrace1; 2014; 4172
vtrace1; 2008; 4172
vtrace1; 2010; 4172
vtrace1; 1988; 4172
vtrace1; 1990; 4172
vtrace1; 1984; 4172
vtrace1; 1986; 4172
vtrace1; 2028; 4172
vtrace1; 2030; 4172
vtrace1; 2024; 4172
vtrace1; 2026; 4172
vtrace1; 2004; 4172
vtrace1; 2006; 4172
vtrace1; 2000; 4172
vtrace1; 2002; 4172
vtrace1; 1980; 4172
vtrace1; 1982; 4172
vtrace1; 1976; 4172
vtrace1; 1978; 4172
vtrace1; 1956; 4172
vtrace1; 1958; 4172
vtrace1; 1952; 4172
vtrace1; 1954; 4172
vtrace1; 1996; 4172
vtrace1; 1998; 4172
vtrace1; 1992; 4172
vtrace1; 1994; 4172
vtrace1; 1972; 4172
vtrace1; 1974; 4172
vtrace1; 1968; 4172
vtrace1; 1970; 4172
vtrace1; 1948; 4172
vtrace1; 1950; 4172
vtrace1; 1944; 4172
vtrace1; 1946; 4172
vtrace1; 1924; 4172
vtrace1; 1926; 4172
vtrace1; 1920; 4172
vtrace1; 1922; 4172
vtrace1; 1964; 4172
vtrace1; 1966; 4172
vtrace1; 1960; 4172
vtrace1; 1962; 4172
vtrace1; 1940; 4172
vtrace1; 1942; 4172
vtrace1; 1936; 4172
vtrace1; 1938; 4172
vtrace1; 124; 4172
vtrace1; 2172; 4172
vtrace1; 126; 4172
vtrace1; 2174; 4172
vtrace1; 120; 4172
vtrace1; 2168; 4172
vtrace1; 122; 4172
vtrace1; 2170; 4172
vtrace1; 100; 4172
vtrace1; 2148; 4172
vtrace1; 102; 4172
vtrace1; 2150; 4172
vtrace1; 96; 4172
vtrace1; 2144; 4172
vtrace1; 98; 4172
vtrace1; 2146; 4172
vtrace1; 1932; 4172
vtrace1; 1934; 4172
vtrace1; 1928; 4172
vtrace1; 1930; 4172
vtrace1; 116; 4172
vtrace1; 2164; 4172
vtrace1; 118; 4172
vtrace1; 2166; 4172
vtrace1; 112; 4172
vtrace1; 2160; 4172
vtrace1; 114; 4172
vtrace1; 2162; 4172
vtrace1; 1116; 4172
vtrace1; 1118; 4172
vtrace1; 1112; 4172
vtrace1; 1114; 4172
vtrace1; 1092; 4172
vtrace1; 1094; 4172
vtrace1; 1088; 4172
vtrace1; 1090; 4172
vtrace1; 1132; 4172
vtrace1; 1134; 4172
vtrace1; 1128; 4172
vtrace1; 1130; 4172
vtrace1; 1108; 4172
vtrace1; 1110; 4172
vtrace1; 1104; 4172
vtrace1; 1106; 4172
vtrace1; 1084; 4172
vtrace1; 1086; 4172
vtrace1; 1080; 4172
vtrace1; 1082; 4172
vtrace1; 1060; 4172
vtrace1; 1062; 4172
vtrace1; 1056; 4172
vtrace1; 1058; 4172
vtrace1; 1100; 4172
vtrace1; 1102; 4172
vtrace1; 1096; 4172
vtrace1; 1098; 4172
vtrace1; 1076; 4172
vtrace1; 1078; 4172
vtrace1; 1072; 4172
vtrace1; 1074; 4172
vtrace1; 1052; 4172
vtrace1; 1054; 4172
vtrace1; 1048; 4172
vtrace1; 1050; 4172
vtrace1; 1028; 4172
vtrace1; 1030; 4172
vtrace1; 1024; 4172
vtrace1; 1026; 4172
vtrace1; 1068; 4172
vtrace1; 1070; 4172
vtrace1; 1064; 4172
vtrace1; 1066; 4172
vtrace1; 1044; 4172
vtrace1; 1046; 4172
vtrace1; 1040; 4172
vtrace1; 1042; 4172
vtrace1; 1276; 4172
vtrace1; 1278; 4172
vtrace1; 1272; 4172
vtrace1; 1274; 4172
vtrace1; 1252; 4172
vtrace1; 1254; 4172
vtrace1; 1248; 4172
vtrace1; 1250; 4172
vtrace1; 1036; 4172
vtrace1; 1038; 4172
vtrace1; 1032; 4172
vtrace1; 1034; 4172
vtrace1; 1268; 4172
vtrace1; 1270; 4172
vtrace1; 1264; 4172
vtrace1; 1266; 4172
vtrace1; 1244; 4172
vtrace1; 1246; 4172
vtrace1; 1240; 4172
vtrace1; 1242; 4172
vtrace1; 1220; 4172
vtrace1; 1222; 4172
vtrace1; 1216; 4172
vtrace1; 1218; 4172
vtrace1; 1260; 4172
vtrace1; 1262; 4172
vtrace1; 1256; 4172
vtrace1; 1258; 4172
vtrace1; 1236; 4172
vtrace1; 1238; 4172
vtrace1; 1232; 4172
vtrace1; 1234; 4172
vtrace1; 1212; 4172
vtrace1; 1214; 4172
vtrace1; 1208; 4172
vtrace1; 1210; 4172
vtrace1; 1188; 4172
vtrace1; 1190; 4172
vtrace1; 1184; 4172
vtrace1; 1186; 4172
vtrace1; 1228; 4172
vtrace1; 1230; 4172
vtrace1; 1224; 4172
vtrace1; 1226; 4172
vtrace1; 1204; 4172
vtrace1; 1206; 4172
vtrace1; 1200; 4172
vtrace1; 1202; 4172
vtrace1; 1180; 4172
vtrace1; 1182; 4172
vtrace1; 1176; 4172
vtrace1; 1178; 4172
vtrace1; 1156; 4172
vtrace1; 1158; 4172
vtrace1; 1152; 4172
vtrace1; 1154; 4172
vtrace1; 1196; 4172
vtrace1; 1198; 4172
vtrace1; 1192; 4172
vtrace1; 1194; 4172
vtrace1; 1172; 4172
vtrace1; 1174; 4172
vtrace1; 1168; 4172
vtrace1; 1170; 4172
vtrace1; 1404; 4172
vtrace1; 1406; 4172
vtrace1; 1400; 4172
vtrace1; 1402; 4172
vtrace1; 1380; 4172
vtrace1; 1382; 4172
vtrace1; 1376; 4172
vtrace1; 1378; 4172
vtrace1; 1164; 4172
vtrace1; 1166; 4172
vtrace1; 1160; 4172
vtrace1; 1162; 4172
vtrace1; 1396; 4172
vtrace1; 1398; 4172
vtrace1; 1392; 4172
vtrace1; 1394; 4172
vtrace1; 1372; 4172
vtrace1; 1374; 4172
vtrace1; 1368; 4172
vtrace1; 1370; 4172
vtrace1; 1348; 4172
vtrace1; 1350; 4172
vtrace1; 1344; 4172
vtrace1; 1346; 4172
vtrace1; 1388; 4172
vtrace1; 1390; 4172
vtrace1; 1384; 4172
vtrace1; 1386; 4172
vtrace1; 1364; 4172
vtrace1; 1366; 4172
vtrace1; 1360; 4172
vtrace1; 1362; 4172
vtrace1; 1340; 4172
vtrace1; 1342; 4172
vtrace1; 1336; 4172
vtrace1; 1338; 4172
vtrace1; 1316; 4172
vtrace1; 1318; 4172
vtrace1; 1312; 4172
vtrace1; 1314; 4172
vtrace1; 1356; 4172
vtrace1; 1358; 4172
vtrace1; 1352; 4172
vtrace1; 1354; 4172
vtrace1; 1332; 4172
vtrace1; 1334; 4172
vtrace1; 1328; 4172
vtrace1; 1330; 4172
vtrace1; 1308; 4172
vtrace1; 1310; 4172
vtrace1; 1304; 4172
vtrace1; 1306; 4172
vtrace1; 1284; 4172
vtrace1; 1286; 4172
vtrace1; 1280; 4172
vtrace1; 1282; 4172
vtrace1; 1324; 4172
vtrace1; 1326; 4172
vtrace1; 1320; 4172
vtrace1; 1322; 4172
vtrace1; 1300; 4172
vtrace1; 1302; 4172
vtrace1; 1296; 4172
vtrace1; 1298; 4172
vtrace1; 1532; 4172
vtrace1; 1534; 4172
vtrace1; 1528; 4172
vtrace1; 1530; 4172
vtrace1; 1508; 4172
vtrace1; 1510; 4172
vtrace1; 1504; 4172
vtrace1; 1506; 4172
vtrace1; 1292; 4172
vtrace1; 1294; 4172
vtrace1; 1288; 4172
vtrace1; 1290; 4172
vtrace1; 1524; 4172
vtrace1; 1526; 4172
vtrace1; 1520; 4172
vtrace1; 1522; 4172
vtrace1; 1500; 4172
vtrace1; 1502; 4172
vtrace1; 1496; 4172
vtrace1; 1498; 4172
vtrace1; 1476; 4172
vtrace1; 1478; 4172
vtrace1; 1472; 4172
vtrace1; 1474; 4172
vtrace1; 1516; 4172
vtrace1; 1518; 4172
vtrace1; 1512; 4172
vtrace1; 1514; 4172
vtrace1; 1492; 4172
vtrace1; 1494; 4172
vtrace1; 1488; 4172
vtrace1; 1490; 4172
vtrace1; 1468; 4172
vtrace1; 1470; 4172
vtrace1; 1464; 4172
vtrace1; 1466; 4172
vtrace1; 1444; 4172
vtrace1; 1446; 4172
vtrace1; 1440; 4172
vtrace1; 1442; 4172
vtrace1; 1484; 4172
vtrace1; 1486; 4172
vtrace1; 1480; 4172
vtrace1; 1482; 4172
vtrace1; 1460; 4172
vtrace1; 1462; 4172
vtrace1; 1456; 4172
vtrace1; 1458; 4172
vtrace1; 1436; 4172
vtrace1; 1438; 4172
vtrace1; 1432; 4172
vtrace1; 1434; 4172
vtrace1; 1412; 4172
vtrace1; 1414; 4172
vtrace1; 1408; 4172
vtrace1; 1410; 4172
vtrace1; 1452; 4172
vtrace1; 1454; 4172
vtrace1; 1448; 4172
vtrace1; 1450; 4172
vtrace1; 1428; 4172
vtrace1; 1430; 4172
vtrace1; 1424; 4172
vtrace1; 1426; 4172
vtrace1; 1660; 4172
vtrace1; 1662; 4172
vtrace1; 1656; 4172
vtrace1; 1658; 4172
vtrace1; 1636; 4172
vtrace1; 1638; 4172
vtrace1; 1632; 4172
vtrace1; 1634; 4172
vtrace1; 1420; 4172
vtrace1; 1422; 4172
vtrace1; 1416; 4172
vtrace1; 1418; 4172
vtrace1; 1652; 4172
vtrace1; 1654; 4172
vtrace1; 1648; 4172
vtrace1; 1650; 4172
vtrace1; 604; 4172
vtrace1; 2652; 4172
vtrace1; 606; 4172
vtrace1; 2654; 4172
vtrace1; 600; 4172
vtrace1; 2648; 4172
vtrace1; 602; 4172
vtrace1; 2650; 4172
vtrace1; 580; 4172
vtrace1; 2628; 4172
vtrace1; 582; 4172
vtrace1; 2630; 4172
vtrace1; 576; 4172
vtrace1; 2624; 4172
vtrace1; 578; 4172
vtrace1; 2626; 4172
vtrace1; 620; 4172
vtrace1; 2668; 4172
vtrace1; 622; 4172
vtrace1; 2670; 4172
vtrace1; 616; 4172
vtrace1; 2664; 4172
vtrace1; 618; 4172
vtrace1; 2666; 4172
vtrace1; 596; 4172
vtrace1; 2644; 4172
vtrace1; 598; 4172
vtrace1; 2646; 4172
vtrace1; 592; 4172
vtrace1; 2640; 4172
vtrace1; 594; 4172
vtrace1; 2642; 4172
vtrace1; 572; 4172
vtrace1; 2620; 4172
vtrace1; 574; 4172
vtrace1; 2622; 4172
vtrace1; 568; 4172
vtrace1; 2616; 4172
vtrace1; 570; 4172
vtrace1; 2618; 4172
vtrace1; 548; 4172
vtrace1; 2596; 4172
vtrace1; 550; 4172
vtrace1; 2598; 4172
vtrace1; 544; 4172
vtrace1; 2592; 4172
vtrace1; 546; 4172
vtrace1; 2594; 4172
vtrace1; 588; 4172
vtrace1; 2636; 4172
vtrace1; 590; 4172
vtrace1; 2638; 4172
vtrace1; 584; 4172
vtrace1; 2632; 4172
vtrace1; 586; 4172
vtrace1; 2634; 4172
vtrace1; 564; 4172
vtrace1; 2612; 4172
vtrace1; 566; 4172
vtrace1; 2614; 4172
vtrace1; 560; 4172
vtrace1; 2608; 4172
vtrace1; 562; 4172
vtrace1; 2610; 4172
vtrace1; 540; 4172
vtrace1; 2588; 4172
vtrace1; 542; 4172
vtrace1; 2590; 4172
vtrace1; 536; 4172
vtrace1; 2584; 4172
vtrace1; 538; 4172
vtrace1; 2586; 4172
vtrace1; 516; 4172
vtrace1; 2564; 4172
vtrace1; 518; 4172
vtrace1; 2566; 4172
vtrace1; 512; 4172
vtrace1; 2560; 4172
vtrace1; 514; 4172
vtrace1; 2562; 4172
vtrace1; 556; 4172
vtrace1; 2604; 4172
vtrace1; 558; 4172
vtrace1; 2606; 4172
vtrace1; 552; 4172
vtrace1; 2600; 4172
vtrace1; 554; 4172
vtrace1; 2602; 4172
vtrace1; 532; 4172
vtrace1; 2580; 4172
vtrace1; 534; 4172
vtrace1; 2582; 4172
vtrace1; 528; 4172
vtrace1; 2576; 4172
vtrace1; 530; 4172
vtrace1; 2578; 4172
vtrace1; 764; 4172
vtrace1; 766; 4172
vtrace1; 760; 4172
vtrace1; 762; 4172
vtrace1; 740; 4172
vtrace1; 742; 4172
vtrace1; 736; 4172
vtrace1; 738; 4172
vtrace1; 524; 4172
vtrace1; 2572; 4172
vtrace1; 526; 4172
vtrace1; 2574; 4172
vtrace1; 520; 4172
vtrace1; 2568; 4172
vtrace1; 522; 4172
vtrace1; 2570; 4172
vtrace1; 756; 4172
vtrace1; 758; 4172
vtrace1; 752; 4172
vtrace1; 754; 4172
vtrace1; 732; 4172
vtrace1; 734; 4172
vtrace1; 728; 4172
vtrace1; 2776; 4172
vtrace1; 730; 4172
vtrace1; 2778; 4172
vtrace1; 708; 4172
vtrace1; 2756; 4172
vtrace1; 710; 4172
vtrace1; 2758; 4172
vtrace1; 704; 4172
vtrace1; 2752; 4172
vtrace1; 706; 4172
vtrace1; 2754; 4172
vtrace1; 748; 4172
vtrace1; 750; 4172
vtrace1; 744; 4172
vtrace1; 746; 4172
vtrace1; 724; 4172
vtrace1; 2772; 4172
vtrace1; 726; 4172
vtrace1; 2774; 4172
vtrace1; 720; 4172
vtrace1; 2768; 4172
vtrace1; 722; 4172
vtrace1; 2770; 4172
vtrace1; 700; 4172
vtrace1; 2748; 4172
vtrace1; 702; 4172
vtrace1; 2750; 4172
vtrace1; 696; 4172
vtrace1; 2744; 4172
vtrace1; 698; 4172
vtrace1; 2746; 4172
vtrace1; 676; 4172
vtrace1; 2724; 4172
vtrace1; 678; 4172
vtrace1; 2726; 4172
vtrace1; 672; 4172
vtrace1; 2720; 4172
vtrace1; 674; 4172
vtrace1; 2722; 4172
vtrace1; 716; 4172
vtrace1; 2764; 4172
vtrace1; 718; 4172
vtrace1; 2766; 4172
vtrace1; 712; 4172
vtrace1; 2760; 4172
vtrace1; 714; 4172
vtrace1; 2762; 4172
vtrace1; 692; 4172
vtrace1; 2740; 4172
vtrace1; 694; 4172
vtrace1; 2742; 4172
vtrace1; 688; 4172
vtrace1; 2736; 4172
vtrace1; 690; 4172
vtrace1; 2738; 4172
vtrace1; 668; 4172
vtrace1; 2716; 4172
vtrace1; 670; 4172
vtrace1; 2718; 4172
vtrace1; 664; 4172
vtrace1; 2712; 4172
vtrace1; 666; 4172
vtrace1; 2714; 4172
vtrace1; 644; 4172
vtrace1; 2692; 4172
vtrace1; 646; 4172
vtrace1; 2694; 4172
vtrace1; 640; 4172
vtrace1; 2688; 4172
vtrace1; 642; 4172
vtrace1; 2690; 4172
vtrace1; 684; 4172
vtrace1; 2732; 4172
vtrace1; 686; 4172
vtrace1; 2734; 4172
vtrace1; 680; 4172
vtrace1; 2728; 4172
vtrace1; 682; 4172
vtrace1; 2730; 4172
vtrace1; 660; 4172
vtrace1; 2708; 4172
vtrace1; 662; 4172
vtrace1; 2710; 4172
vtrace1; 656; 4172
vtrace1; 2704; 4172
vtrace1; 658; 4172
vtrace1; 2706; 4172
vtrace1; 892; 4172
vtrace1; 894; 4172
vtrace1; 888; 4172
vtrace1; 890; 4172
vtrace1; 868; 4172
vtrace1; 870; 4172
vtrace1; 864; 4172
vtrace1; 866; 4172
vtrace1; 652; 4172
vtrace1; 2700; 4172
vtrace1; 654; 4172
vtrace1; 2702; 4172
vtrace1; 648; 4172
vtrace1; 2696; 4172
vtrace1; 650; 4172
vtrace1; 2698; 4172
vtrace1; 884; 4172
vtrace1; 886; 4172
vtrace1; 880; 4172
vtrace1; 882; 4172
vtrace1; 860; 4172
vtrace1; 862; 4172
vtrace1; 856; 4172
vtrace1; 858; 4172
vtrace1; 836; 4172
vtrace1; 838; 4172
vtrace1; 832; 4172
vtrace1; 834; 4172
vtrace1; 876; 4172
vtrace1; 878; 4172
vtrace1; 872; 4172
vtrace1; 874; 4172
vtrace1; 852; 4172
vtrace1; 854; 4172
vtrace1; 848; 4172
vtrace1; 850; 4172
vtrace1; 828; 4172
vtrace1; 830; 4172
vtrace1; 824; 4172
vtrace1; 826; 4172
vtrace1; 804; 4172
vtrace1; 806; 4172
vtrace1; 800; 4172
vtrace1; 802; 4172
vtrace1; 844; 4172
vtrace1; 846; 4172
vtrace1; 840; 4172
vtrace1; 842; 4172
vtrace1; 820; 4172
vtrace1; 822; 4172
vtrace1; 816; 4172
vtrace1; 818; 4172
vtrace1; 796; 4172
vtrace1; 798; 4172
vtrace1; 792; 4172
vtrace1; 794; 4172
vtrace1; 772; 4172
vtrace1; 774; 4172
vtrace1; 768; 4172
vtrace1; 770; 4172
vtrace1; 812; 4172
vtrace1; 814; 4172
vtrace1; 808; 4172
vtrace1; 810; 4172
vtrace1; 788; 4172
vtrace1; 790; 4172
vtrace1; 784; 4172
vtrace1; 786; 4172
vtrace1; 1020; 4172
vtrace1; 1022; 4172
vtrace1; 1016; 4172
vtrace1; 1018; 4172
vtrace1; 996; 4172
vtrace1; 998; 4172
vtrace1; 992; 4172
vtrace1; 994; 4172
vtrace1; 780; 4172
vtrace1; 782; 4172
vtrace1; 776; 4172
vtrace1; 778; 4172
vtrace1; 1012; 4172
vtrace1; 1014; 4172
vtrace1; 1008; 4172
vtrace1; 1010; 4172
vtrace1; 988; 4172
vtrace1; 990; 4172
vtrace1; 984; 4172
vtrace1; 986; 4172
vtrace1; 964; 4172
vtrace1; 966; 4172
vtrace1; 960; 4172
vtrace1; 962; 4172
vtrace1; 1004; 4172
vtrace1; 1006; 4172
vtrace1; 1000; 4172
vtrace1; 1002; 4172
vtrace1; 980; 4172
vtrace1; 982; 4172
vtrace1; 976; 4172
vtrace1; 978; 4172
vtrace1; 956; 4172
vtrace1; 958; 4172
vtrace1; 952; 4172
vtrace1; 954; 4172
vtrace1; 932; 4172
vtrace1; 934; 4172
vtrace1; 928; 4172
vtrace1; 930; 4172
vtrace1; 972; 4172
vtrace1; 974; 4172
vtrace1; 968; 4172
vtrace1; 970; 4172
vtrace1; 948; 4172
vtrace1; 950; 4172
vtrace1; 944; 4172
vtrace1; 946; 4172
vtrace1; 924; 4172
vtrace1; 926; 4172
vtrace1; 920; 4172
vtrace1; 922; 4172
vtrace1; 900; 4172
vtrace1; 902; 4172
vtrace1; 896; 4172
vtrace1; 898; 4172
vtrace1; 940; 4172
vtrace1; 942; 4172
vtrace1; 936; 4172
vtrace1; 938; 4172
vtrace1; 916; 4172
vtrace1; 918; 4172
vtrace1; 912; 4172
vtrace1; 914; 4172
vtrace1; 1148; 4172
vtrace1; 1150; 4172
vtrace1; 1144; 4172
vtrace1; 1146; 4172
vtrace1; 1124; 4172
vtrace1; 1126; 4172
vtrace1; 1120; 4172
vtrace1; 1122; 4172
vtrace1; 908; 4172
vtrace1; 910; 4172
vtrace1; 904; 4172
vtrace1; 906; 4172
vtrace1; 1140; 4172
vtrace1; 1142; 4172
vtrace1; 1136; 4172
vtrace1; 1138; 4172
vtrace1; 92; 4172
vtrace1; 2140; 4172
vtrace1; 94; 4172
vtrace1; 2142; 4172
vtrace1; 88; 4172
vtrace1; 2136; 4172
vtrace1; 90; 4172
vtrace1; 2138; 4172
vtrace1; 68; 4172
vtrace1; 2116; 4172
vtrace1; 70; 4172
vtrace1; 2118; 4172
vtrace1; 64; 4172
vtrace1; 2112; 4172
vtrace1; 66; 4172
vtrace1; 2114; 4172
vtrace1; 108; 4172
vtrace1; 2156; 4172
vtrace1; 110; 4172
vtrace1; 2158; 4172
vtrace1; 104; 4172
vtrace1; 2152; 4172
vtrace1; 106; 4172
vtrace1; 2154; 4172
vtrace1; 84; 4172
vtrace1; 2132; 4172
vtrace1; 86; 4172
vtrace1; 2134; 4172
vtrace1; 80; 4172
vtrace1; 2128; 4172
vtrace1; 82; 4172
vtrace1; 2130; 4172
vtrace1; 60; 4172
vtrace1; 2108; 4172
vtrace1; 62; 4172
vtrace1; 2110; 4172
vtrace1; 56; 4172
vtrace1; 2104; 4172
vtrace1; 58; 4172
vtrace1; 2106; 4172
vtrace1; 36; 4172
vtrace1; 2084; 4172
vtrace1; 38; 4172
vtrace1; 2086; 4172
vtrace1; 32; 4172
vtrace1; 2080; 4172
vtrace1; 34; 4172
vtrace1; 2082; 4172
vtrace1; 76; 4172
vtrace1; 2124; 4172
vtrace1; 78; 4172
vtrace1; 2126; 4172
vtrace1; 72; 4172
vtrace1; 2120; 4172
vtrace1; 74; 4172
vtrace1; 2122; 4172
vtrace1; 52; 4172
vtrace1; 2100; 4172
vtrace1; 54; 4172
vtrace1; 2102; 4172
vtrace1; 48; 4172
vtrace1; 2096; 4172
vtrace1; 50; 4172
vtrace1; 2098; 4172
vtrace1; 28; 4172
vtrace1; 2076; 4172
vtrace1; 30; 4172
vtrace1; 2078; 4172
vtrace1; 24; 4172
vtrace1; 2072; 4172
vtrace1; 26; 4172
vtrace1; 2074; 4172
vtrace1; 4; 4172
vtrace1; 2052; 4172
vtrace1; 6; 4172
vtrace1; 2054; 4172
vtrace1; 2048; 4172
vtrace1; 2; 4172
vtrace1; 2050; 4172
vtrace1; 44; 4172
vtrace1; 2092; 4172
vtrace1; 46; 4172
vtrace1; 2094; 4172
vtrace1; 2; 113
vtrace1; 40; 4172
vtrace1; 2088; 4172
vtrace1; 42; 4172
vtrace1; 2090; 4172
vtrace1; 20; 4172
vtrace1; 2068; 4172
vtrace1; 22; 4172
vtrace1; 2070; 4172
vtrace1; 16; 4172
vtrace1; 2064; 4172
vtrace1; 18; 4172
vtrace1; 2066; 4172
vtrace1; 252; 4172
vtrace1; 2300; 4172
vtrace1; 254; 4172
vtrace1; 2302; 4172
vtrace1; 248; 4172
vtrace1; 2296; 4172
vtrace1; 250; 4172
vtrace1; 2298; 4172
vtrace1; 228; 4172
vtrace1; 2276; 4172
vtrace1; 230; 4172
vtrace1; 2278; 4172
vtrace1; 224; 4172
vtrace1; 2272; 4172
vtrace1; 226; 4172
vtrace1; 2274; 4172
vtrace1; 12; 4172
vtrace1; 2060; 4172
vtrace1; 14; 4172
vtrace1; 2062; 4172
vtrace1; 8; 4172
vtrace1; 2056; 4172
vtrace1; 10; 4172
vtrace1; 2058; 4172
vtrace1; 244; 4172
vtrace1; 2292; 4172
vtrace1; 246; 4172
vtrace1; 2294; 4172
vtrace1; 240; 4172
vtrace1; 2288; 4172
vtrace1; 242; 4172
vtrace1; 2290; 4172
vtrace1; 220; 4172
vtrace1; 2268; 4172
vtrace1; 222; 4172
vtrace1; 2270; 4172
vtrace1; 216; 4172
vtrace1; 2264; 4172
vtrace1; 218; 4172
vtrace1; 2266; 4172
vtrace1; 196; 4172
vtrace1; 2244; 4172
vtrace1; 198; 4172
vtrace1; 2246; 4172
vtrace1; 192; 4172
vtrace1; 2240; 4172
vtrace1; 194; 4172
vtrace1; 2242; 4172
vtrace1; 236; 4172
vtrace1; 2284; 4172
vtrace1; 238; 4172
vtrace1; 2286; 4172
vtrace1; 232; 4172
vtrace1; 2280; 4172
vtrace1; 234; 4172
vtrace1; 2282; 4172
vtrace1; 212; 4172
vtrace1; 2260; 4172
vtrace1; 214; 4172
vtrace1; 2262; 4172
vtrace1; 208; 4172
vtrace1; 2256; 4172
vtrace1; 210; 4172
vtrace1; 2258; 4172
vtrace1; 188; 4172
vtrace1; 2236; 4172
vtrace1; 190; 4172
vtrace1; 2238; 4172
vtrace1; 184; 4172
vtrace1; 2232; 4172
vtrace1; 186; 4172
vtrace1; 2234; 4172
vtrace1; 164; 4172
vtrace1; 2212; 4172
vtrace1; 166; 4172
vtrace1; 2214; 4172
vtrace1; 160; 4172
vtrace1; 2208; 4172
vtrace1; 162; 4172
vtrace1; 2210; 4172
vtrace1; 204; 4172
vtrace1; 2252; 4172
vtrace1; 206; 4172
vtrace1; 2254; 4172
vtrace1; 200; 4172
vtrace1; 2248; 4172
vtrace1; 202; 4172
vtrace1; 2250; 4172
vtrace1; 180; 4172
vtrace1; 2228; 4172
vtrace1; 182; 4172
vtrace1; 2230; 4172
vtrace1; 176; 4172
vtrace1; 2224; 4172
vtrace1; 178; 4172
vtrace1; 2226; 4172
vtrace1; 156; 4172
vtrace1; 2204; 4172
vtrace1; 158; 4172
vtrace1; 2206; 4172
vtrace1; 152; 4172
vtrace1; 2200; 4172
vtrace1; 154; 4172
vtrace1; 2202; 4172
vtrace1; 132; 4172
vtrace1; 2180; 4172
vtrace1; 134; 4172
vtrace1; 2182; 4172
vtrace1; 128; 4172
vtrace1; 2176; 4172
vtrace1; 130; 4172
vtrace1; 2178; 4172
vtrace1; 172; 4172
vtrace1; 2220; 4172
vtrace1; 174; 4172
vtrace1; 2222; 4172
vtrace1; 168; 4172
vtrace1; 2216; 4172
vtrace1; 170; 4172
vtrace1; 2218; 4172
vtrace1; 148; 4172
vtrace1; 2196; 4172
vtrace1; 150; 4172
vtrace1; 2198; 4172
vtrace1; 144; 4172
vtrace1; 2192; 4172
vtrace1; 146; 4172
vtrace1; 2194; 4172
vtrace1; 380; 4172
vtrace1; 2428; 4172
vtrace1; 382; 4172
vtrace1; 2430; 4172
vtrace1; 376; 4172
vtrace1; 2424; 4172
vtrace1; 378; 4172
vtrace1; 2426; 4172
vtrace1; 356; 4172
vtrace1; 2404; 4172
vtrace1; 358; 4172
vtrace1; 2406; 4172
vtrace1; 352; 4172
vtrace1; 2400; 4172
vtrace1; 354; 4172
vtrace1; 2402; 4172
vtrace1; 140; 4172
vtrace1; 2188; 4172
vtrace1; 142; 4172
vtrace1; 2190; 4172
vtrace1; 136; 4172
vtrace1; 2184; 4172
vtrace1; 138; 4172
vtrace1; 2186; 4172
vtrace1; 372; 4172
vtrace1; 2420; 4172
vtrace1; 374; 4172
vtrace1; 2422; 4172
vtrace1; 368; 4172
vtrace1; 2416; 4172
vtrace1; 370; 4172
vtrace1; 2418; 4172
vtrace1; 348; 4172
vtrace1; 2396; 4172
vtrace1; 350; 4172
vtrace1; 2398; 4172
vtrace1; 344; 4172
vtrace1; 2392; 4172
vtrace1; 346; 4172
vtrace1; 2394; 4172
vtrace1; 324; 4172
vtrace1; 2372; 4172
vtrace1; 326; 4172
vtrace1; 2374; 4172
vtrace1; 320; 4172
vtrace1; 2368; 4172
vtrace1; 322; 4172
vtrace1; 2370; 4172
vtrace1; 364; 4172
vtrace1; 2412; 4172
vtrace1; 366; 4172
vtrace1; 2414; 4172
vtrace1; 360; 4172
vtrace1; 2408; 4172
vtrace1; 362; 4172
vtrace1; 2410; 4172
vtrace1; 340; 4172
vtrace1; 2388; 4172
vtrace1; 342; 4172
vtrace1; 2390; 4172
vtrace1; 336; 4172
vtrace1; 2384; 4172
vtrace1; 338; 4172
vtrace1; 2386; 4172
vtrace1; 316; 4172
vtrace1; 2364; 4172
vtrace1; 318; 4172
vtrace1; 2366; 4172
vtrace1; 312; 4172
vtrace1; 2360; 4172
vtrace1; 314; 4172
vtrace1; 2362; 4172
vtrace1; 292; 4172
vtrace1; 2340; 4172
vtrace1; 294; 4172
vtrace1; 2342; 4172
vtrace1; 288; 4172
vtrace1; 2336; 4172
vtrace1; 290; 4172
vtrace1; 2338; 4172
vtrace1; 332; 4172
vtrace1; 2380; 4172
vtrace1; 334; 4172
vtrace1; 2382; 4172
vtrace1; 328; 4172
vtrace1; 2376; 4172
vtrace1; 330; 4172
vtrace1; 2378; 4172
vtrace1; 308; 4172
vtrace1; 2356; 4172
vtrace1; 310; 4172
vtrace1; 2358; 4172
vtrace1; 304; 4172
vtrace1; 2352; 4172
vtrace1; 306; 4172
vtrace1; 2354; 4172
vtrace1; 284; 4172
vtrace1; 2332; 4172
vtrace1; 286; 4172
vtrace1; 2334; 4172
vtrace1; 280; 4172
vtrace1; 2328; 4172
vtrace1; 282; 4172
vtrace1; 2330; 4172
vtrace1; 260; 4172
vtrace1; 2308; 4172
vtrace1; 262; 4172
vtrace1; 2310; 4172
vtrace1; 256; 4172
vtrace1; 2304; 4172
vtrace1; 258; 4172
vtrace1; 2306; 4172
vtrace1; 300; 4172
vtrace1; 2348; 4172
vtrace1; 302; 4172
vtrace1; 2350; 4172
vtrace1; 296; 4172
vtrace1; 2344; 4172
vtrace1; 298; 4172
vtrace1; 2346; 4172
vtrace1; 276; 4172
vtrace1; 2324; 4172
vtrace1; 278; 4172
vtrace1; 2326; 4172
vtrace1; 272; 4172
vtrace1; 2320; 4172
vtrace1; 274; 4172
vtrace1; 2322; 4172
vtrace1; 508; 4172
vtrace1; 2556; 4172
vtrace1; 510; 4172
vtrace1; 2558; 4172
vtrace1; 504; 4172
vtrace1; 2552; 4172
vtrace1; 506; 4172
vtrace1; 2554; 4172
vtrace1; 484; 4172
vtrace1; 2532; 4172
vtrace1; 486; 4172
vtrace1; 2534; 4172
vtrace1; 480; 4172
vtrace1; 2528; 4172
vtrace1; 482; 4172
vtrace1; 2530; 4172
vtrace1; 268; 4172
vtrace1; 2316; 4172
vtrace1; 270; 4172
vtrace1; 2318; 4172
vtrace1; 264; 4172
vtrace1; 2312; 4172
vtrace1; 266; 4172
vtrace1; 2314; 4172
vtrace1; 500; 4172
vtrace1; 2548; 4172
vtrace1; 502; 4172
vtrace1; 2550; 4172
vtrace1; 496; 4172
vtrace1; 2544; 4172
vtrace1; 498; 4172
vtrace1; 2546; 4172
vtrace1; 476; 4172
vtrace1; 2524; 4172
vtrace1; 478; 4172
vtrace1; 2526; 4172
vtrace1; 472; 4172
vtrace1; 2520; 4172
vtrace1; 474; 4172
vtrace1; 2522; 4172
vtrace1; 452; 4172
vtrace1; 2500; 4172
vtrace1; 454; 4172
vtrace1; 2502; 4172
vtrace1; 448; 4172
vtrace1; 2496; 4172
vtrace1; 450; 4172
vtrace1; 2498; 4172
vtrace1; 492; 4172
vtrace1; 2540; 4172
vtrace1; 494; 4172
vtrace1; 2542; 4172
vtrace1; 488; 4172
vtrace1; 2536; 4172
vtrace1; 490; 4172
vtrace1; 2538; 4172
vtrace1; 468; 4172
vtrace1; 2516; 4172
vtrace1; 470; 4172
vtrace1; 2518; 4172
vtrace1; 464; 4172
vtrace1; 2512; 4172
vtrace1; 466; 4172
vtrace1; 2514; 4172
vtrace1; 444; 4172
vtrace1; 2492; 4172
vtrace1; 446; 4172
vtrace1; 2494; 4172
vtrace1; 440; 4172
vtrace1; 2488; 4172
vtrace1; 442; 4172
vtrace1; 2490; 4172
vtrace1; 420; 4172
vtrace1; 2468; 4172
vtrace1; 422; 4172
vtrace1; 2470; 4172
vtrace1; 416; 4172
vtrace1; 2464; 4172
vtrace1; 418; 4172
vtrace1; 2466; 4172
vtrace1; 460; 4172
vtrace1; 2508; 4172
vtrace1; 462; 4172
vtrace1; 2510; 4172
vtrace1; 456; 4172
vtrace1; 2504; 4172
vtrace1; 458; 4172
vtrace1; 2506; 4172
vtrace1; 436; 4172
vtrace1; 2484; 4172
vtrace1; 438; 4172
vtrace1; 2486; 4172
vtrace1; 432; 4172
vtrace1; 2480; 4172
vtrace1; 434; 4172
vtrace1; 2482; 4172
vtrace1; 412; 4172
vtrace1; 2460; 4172
vtrace1; 414; 4172
vtrace1; 2462; 4172
vtrace1; 408; 4172
vtrace1; 2456; 4172
vtrace1; 410; 4172
vtrace1; 2458; 4172
vtrace1; 388; 4172
vtrace1; 2436; 4172
vtrace1; 390; 4172
vtrace1; 2438; 4172
vtrace1; 384; 4172
vtrace1; 2432; 4172
vtrace1; 386; 4172
vtrace1; 2434; 4172
vtrace1; 428; 4172
vtrace1; 2476; 4172
vtrace1; 430; 4172
vtrace1; 2478; 4172
vtrace1; 424; 4172
vtrace1; 2472; 4172
vtrace1; 426; 4172
vtrace1; 2474; 4172
vtrace1; 404; 4172
vtrace1; 2452; 4172
vtrace1; 406; 4172
vtrace1; 2454; 4172
vtrace1; 400; 4172
vtrace1; 2448; 4172
vtrace1; 402; 4172
vtrace1; 2450; 4172
vtrace1; 636; 4172
vtrace1; 2684; 4172
vtrace1; 638; 4172
vtrace1; 2686; 4172
vtrace1; 632; 4172
vtrace1; 2680; 4172
vtrace1; 634; 4172
vtrace1; 2682; 4172
vtrace1; 612; 4172
vtrace1; 2660; 4172
vtrace1; 614; 4172
vtrace1; 2662; 4172
vtrace1; 608; 4172
vtrace1; 2656; 4172
vtrace1; 610; 4172
vtrace1; 2658; 4172
vtrace1; 396; 4172
vtrace1; 2444; 4172
vtrace1; 398; 4172
vtrace1; 2446; 4172
vtrace1; 392; 4172
vtrace1; 2440; 4172
vtrace1; 394; 4172
vtrace1; 2442; 4172
vtrace1; 628; 4172
vtrace1; 2676; 4172
vtrace1; 630; 4172
vtrace1; 2678; 4172
vtrace1; 624; 4172
vtrace1; 2672; 4172
vtrace1; 626; 4172
vtrace1; 2674; 4172
