vtrace1; I p
vtrace1; 48
vtrace1; 112
vtrace1; 50
vtrace1; 114
vtrace1; 52
vtrace1; 116
vtrace1; 54
vtrace1; 118
vtrace1; 56
vtrace1; 120
vtrace1; 58
vtrace1; 60
vtrace1; 62
vtrace1; 96
vtrace1; 98
vtrace1; 100
vtrace1; 102
vtrace1; 104
vtrace1; 42
vtrace1; 106
vtrace1; 44
vtrace1; 108
vtrace1; 46
vtrace1; 110
vtrace1; 80
vtrace1; 82
vtrace1; 84
vtrace1; 86
vtrace1; 88
vtrace1; 90
vtrace1; 92
vtrace1; 94
vtrace1; 64
vtrace1; 66
vtrace1; 2
vtrace1; 3
vtrace1; 68
vtrace1; 4
vtrace1; 70
vtrace1; 72
vtrace1; 74
vtrace1; 76
vtrace1; 78
